model,accuracy,f1_macro,f1_weighted,precision_macro,recall_macro,f1_for,f1_against,f1_neutral
bert,0.5509433962264151,0.53069015539492,0.5419154314927827,0.5506644103135331,0.5456228753284954,0.639344262295082,0.4563758389261745,0.49635036496350365
roberta,0.5735849056603773,0.560239714803593,0.5691294752970155,0.5696058327637274,0.5586174934970652,0.6311475409836066,0.5232558139534884,0.5263157894736842
mistral_base,0.5725490196078431,0.5391567146704133,0.5604186897800918,0.5573408975848001,0.5499796016649949,0.5641025641025641,0.6575342465753424,0.3958333333333333
mistral_fewshot,0.6287878787878788,0.6055220627714596,0.6216428913890478,0.6403432545513063,0.6070573295618668,0.6391752577319587,0.6723404255319149,0.5050505050505051
mistral_lora,0.7803030303030303,0.7612363689949898,0.7770907851726818,0.7764995622662386,0.7531013772393083,0.8189655172413793,0.7916666666666666,0.6730769230769231
