model,accuracy,f1_macro,f1_weighted,precision_macro,recall_macro,f1_for,f1_against,f1_neutral
bert,0.5509433962264151,0.53069015539492,0.5419154314927827,0.5506644103135331,0.5456228753284954,0.639344262295082,0.4563758389261745,0.49635036496350365
roberta,0.5735849056603773,0.560239714803593,0.5691294752970155,0.5696058327637274,0.5586174934970652,0.6311475409836066,0.5232558139534884,0.5263157894736842
pyabsa,0.539622641509434,0.5311237437320754,0.527653403619218,0.5446975281340606,0.5435424719992071,0.5896414342629482,0.42105263157894735,0.5826771653543307
mistral_base,0.5725490196078431,0.5391567146704133,0.5604186897800918,0.5573408975848001,0.5499796016649949,0.5641025641025641,0.6575342465753424,0.3958333333333333
mistral_fewshot,0.6264150943396226,0.6028889277185625,0.6190571642396289,0.639009245770489,0.6046221064954339,0.6391752577319587,0.6694915254237288,0.5
mistral_lora,0.7773584905660378,0.7577323169158081,0.7738005984787447,0.7738345787470576,0.7496920649463021,0.8189655172413793,0.7875647668393783,0.6666666666666666
