total_samples,accuracy,precision_macro,recall_macro,f1_macro,f1_weighted
390,0.7307692307692307,0.6885534774630258,0.6615473775717183,0.6533195273002538,0.7092952376125097
